member_std,member_name,member_parties,member_periods
abner j mikva,"Mikva, Abner J.",Democratic,1969-1973; 1975-1981
abraham a ribicoff,"Ribicoff, Abraham A.",Democratic,1949-1953; 1963-1981
abraham kazen,"Kazen, Abraham, Jr.",Democratic,1967-1985
adam benjamin,"Benjamin, Adam, Jr.",Democratic,1977-1983
adlai e stevenson,"Stevenson, Adlai E., III",Democratic,1969-1981
alan bible,"Bible, Alan",Democratic,1953-1975
alan cranston,"Cranston, Alan",Democratic,1969-1993
alan j dixon,"Dixon, Alan J.",Democratic,1981-1993
alan k simpson,"Simpson, Alan K.",Republican,1979-1997
alan steelman,"Steelman, Alan",Republican,1973-1977
albert h quie,"Quie, Albert H.",Republican,1957-1979
albert l smith,"Smith, Albert L., Jr.",Republican,1981-1983
albert w johnson,"Johnson, Albert W.",Republican,1963-1977
alexander x mooney,"Mooney, Alexander X.",Republican,2015-2025
alfred a mccandless,"McCandless, Alfred A. (Al)",Republican,1983-1995
allan howe,"Howe, Allan",Democratic,1975-1977
allen e ertel,"Ertel, Allen E.",Democratic,1977-1983
alphonzo bell,"Bell, Alphonzo",Republican,1961-1977
alton r waldon,"Waldon, Alton R., Jr.",Democratic,1985-1987
alvin j baldus,"Baldus, Alvin J.",Democratic,1975-1981
amo houghton,"Houghton, Amo",Republican,1987-2005
ancher nelsen,"Nelsen, Ancher",Republican,1959-1975
andrew j hinshaw,"Hinshaw, Andrew J.",Republican,1973-1977
andrew maguire,"Maguire, Andrew",Democratic,1975-1981
andrew ogles,"Ogles, Andrew",Republican,
andrew p ireland,"Ireland, Andrew P.",Republican,1977-1993
andrew young,"Young, Andrew",Democratic,1973-1979
angelo d roncallo,"Roncallo, Angelo D.",Republican,1973-1975
anh joseph cao,"Cao, Anh ""Joseph""",Republican,2009-2011
anibal acevedo vila,"Acevedo-Vila, Anibal",Democratic,2001-2005
ann m kuster,"Kuster, Ann M.",Democratic,2013-2025
anthony lee coelho,"Coelho, Anthony Lee",Democratic,1979-1991
antonio b won pat,"Won Pat, Antonio B.",Democratic,1973-1985
antonio colorado,"Colorado, Antonio",Democratic,1991-1993
arlan stangeland,"Stangeland, Arlan",Republican,1977-1991
arlen erdahl,"Erdahl, Arlen",Republican,1979-1983
ashley moody,"Moody, Ashley",Republican,
augustus f hawkins,"Hawkins, Augustus F.",Democratic,1963-1991
b f sisk,"Sisk, B. F.",Democratic,1955-1979
baltasar corrada,"Corrada, Baltasar",Independent,1977-1987
barbara jordan,"Jordan, Barbara",Democratic,1973-1979
barber b conable,"Conable, Barber B., Jr.",Republican,1965-1985
barry goldwater,"Goldwater, Barry",Republican,1953-1965; 1969-1983; 1969-1987
bella s abzug,"Abzug, Bella S.",Democratic,1971-1977
ben blackburn,"Blackburn, Ben",Republican,1967-1975
benjamin s rosenthal,"Rosenthal, Benjamin S.",Democratic,1961-1983
bennett mcvey stewart,"Stewart, Bennett McVey",Democratic,1979-1981
berkley w bedell,"Bedell, Berkley W.",Democratic,1975-1987
bernard j dwyer,"Dwyer, Bernard J.",Democratic,1981-1993
bernard sanders,"Sanders, Bernard",Independent,1991-2007
bertram l podell,"Podell, Bertram L.",Democratic,1967-1975
beryl anthony,"Anthony, Beryl, Jr.",Democratic,1979-1993
beverly b byron,"Byron, Beverly B.",Democratic,1979-1993
bill alexander,"Alexander, Bill",Democratic,1969-1993
bill chappell,"Chappell, Bill, Jr.",Democratic,1969-1989
bill d burlison,"Burlison, Bill D.",Democratic,1969-1981
bill frenzel,"Frenzel, Bill",Republican,1971-1991
bill gunter,"Gunter, Bill",Democratic,1973-1975
bill hendon,"Hendon, Bill",Republican,1981-1983; 1985-1987
bill lowery,"Lowery, Bill",Republican,1981-1993
bill nichols,"Nichols, Bill",Democratic,1967-1989
bill schuette,"Schuette, Bill",Republican,1985-1991
billy lee evans,"Evans, Billy Lee",Democratic,1977-1983
birch bayh,"Bayh, Birch",Democratic,1963-1981
bo ginn,"Ginn, Bo",Democratic,1973-1983
bob bergland,"Bergland, Bob",Republican,1971-1979
bob eckhardt,"Eckhardt, Bob",Democratic,1967-1981
bob graham,"Graham, Bob",Democratic,1987-2005
bob traxler,"Traxler, Bob",Democratic,1973-1993
bob whittaker,"Whittaker, Bob",Republican,1979-1991
bobbi fiedler,"Fiedler, Bobbi",Republican,1981-1987
bradley scott schneider,"Schneider, Bradley Scott",Democratic,2013-2015
brian j donnelly,"Donnelly, Brian J.",Democratic,1979-1993
brock adams,"Adams, Brock",Democratic,1965-1979; 1987-1993
bruce a morrison,"Morrison, Bruce A.",Democratic,1983-1991
bruce f caputo,"Caputo, Bruce F.",Republican,1977-1979
bud shuster,"Shuster, Bud",Republican,1973-2001
buddy mackay,"MacKay, Buddy",Democratic,1983-1989
buddy roemer,"Roemer, Buddy",Democratic,1981-1989
burt l talcott,"Talcott, Burt L.",Republican,1963-1977
c a dutch ruppersberger,"Ruppersberger, C. A. Dutch",Democratic,2003-2025
c l butch otter,"Otter, C. L. (Butch)",Republican,2001-2007
c w bill young,"Young, C. W. Bill",Republican,1971-2013
carl albert,"Albert, Carl",Democratic,1947-1977
carl c perkins,"Perkins, Carl C.",Democratic,1984-1993
carl d pursell,"Pursell, Carl D.",Republican,1977-1993
carl dewey perkins,"Perkins, Carl Dewey",Democratic,1949-1985
carl t curtis,"Curtis, Carl T.",Republican,1939-1955; 1955-1979
carleton j king,"King, Carleton J.",Republican,1961-1975
carlos a romero barcelo,"Romero-Barcelo, Carlos A.",Democratic,1993-2001
carroll a campbell,"Campbell, Carroll A., Jr.",Republican,1979-1987
carroll hubbard,"Hubbard, Carroll, Jr.",Democratic,1975-1993
carte patrick goodwin,"Goodwin, Carte Patrick",Democratic,2010-2010
cathy mrs gillis long,"Long, Cathy (Mrs. Gillis)",Democratic,1985-1987
cecil heftel,"Heftel, Cecil",Democratic,1977-1987
chalmers p wylie,"Wylie, Chalmers P.",Republican,1967-1993
charles a hayes,"Hayes, Charles A.",Democratic,1983-1993
charles a mosher,"Mosher, Charles A.",Republican,1961-1977
charles a vanik,"Vanik, Charles A.",Democratic,1955-1981
charles c diggs,"Diggs, Charles C., Jr.",Democratic,1955-1981
charles e bennett,"Bennett, Charles E.",Democratic,1949-1993
charles e chamberlain,"Chamberlain, Charles E.",Republican,1957-1975
charles e schumer,"Schumer, Charles E.",Democratic,1981-1999
charles e wiggins,"Wiggins, Charles E.",Republican,1967-1979
charles h percy,"Percy, Charles H.",Republican,1967-1985
charles hatcher,"Hatcher, Charles",Democratic,1981-1993
charles j carney,"Carney, Charles J.",Democratic,1969-1979
charles j chuck fleischmann,"Fleischmann, Charles J. ""Chuck""",Republican,
charles luken,"Luken, Charles",Democratic,1991-1993
charles m teague,"Teague, Charles M.",Republican,1955-1975
charles mcc mathias,"Mathias, Charles McC., Jr.",Republican,1961-1969; 1973-1987
charles o whitley,"Whitley, Charles O., Sr.",Democratic,1977-1987
charles pashayan,"Pashayan, Charles, Jr.",Republican,1979-1991
charles s gubser,"Gubser, Charles S.",Republican,1953-1975
charles thone,"Thone, Charles",Republican,1971-1979
charles w sandman,"Sandman, Charles W., Jr.",Republican,1967-1975
charles w whalen,"Whalen, Charles W., Jr.",Republican,1967-1979
chester g atkins,"Atkins, Chester G.",Democratic,1985-1993
chet holifield,"Holifield, Chet",Democratic,1943-1947; 1973-1975
chic hecht,"Hecht, Chic",Republican,1983-1989
christopher a coons,"Coons, Christopher A.",Democratic,
christopher h smith,"Smith, Christopher H.",Republican,
christopher j dodd,"Dodd, Christopher J.",Democratic,1975-1981; 1981-2011
christopher j lee,"Lee, Christopher J.",Republican,2009-2011
christopher murphy,"Murphy, Christopher",Democratic,2007-2013
christopher p gibson,"Gibson, Christopher P.",Republican,2011-2017
christopher r deluzio,"Deluzio, Christopher R.",Democratic,
christopher s bond,"Bond, Christopher S.",Republican,1987-2011
chuck douglas,"Douglas, Chuck",Republican,1989-1991
chuck hagel,"Hagel, Chuck",Republican,1997-2009
claiborne pell,"Pell, Claiborne",Democratic,1961-1997
clair w burgener,"Burgener, Clair W.",Republican,1973-1983
clarence brown,"Brown, Clarence, Jr.",Republican,1965-1983
clarence d long,"Long, Clarence D.",Democratic,1963-1985
clarence e miller,"Miller, Clarence E.",Republican,1967-1993
claude buddy leach,"Leach, Claude (Buddy), Jr.",Democratic,1979-1981
claude harris,"Harris, Claude",Democratic,1987-1993
claude pepper,"Pepper, Claude",Democratic,1935-1951; 1963-1991
claudine schneider,"Schneider, Claudine",Republican,1981-1991
clawson,"Clawson, Del",Republican,1963-1979
clem rogers mcspadden,"McSpadden, Clem Rogers",Democratic,1973-1975
clement j zablocki,"Zablocki, Clement J.",Democratic,1949-1985
cleve benedict,"Benedict, Cleve",Republican,1981-1983
clifford p case,"Case, Clifford P.",Republican,1945-1955; 1955-1979
clifford p hansen,"Hansen, Clifford P.",Republican,1967-1979
clifford r allen,"Allen, Clifford R.",Democratic,1975-1979
clint roberts,"Roberts, Clint",Republican,1981-1983
cooper evans,"Evans, Cooper",Republican,1981-1987
corinne c lindy boggs,"Boggs, Corinne C. (Lindy)",Democratic,1973-1991
craig hosmer,"Hosmer, Craig",Republican,1953-1975
craig t james,"James, Craig T.",Republican,1989-1993
curt weldon,"Weldon, Curt",Republican,1987-2007
cynthia axne,"Axne, Cynthia",Democratic,2019-2023
d french slaughter,"Slaughter, D. French, Jr.",Republican,1985-1993
dale milford,"Milford, Dale",Democratic,1973-1979
dan h kuykendall,"Kuykendall, Dan H.",Republican,1967-1975
dan quayle,"Quayle, Dan",Republican,1977-1981; 1981-1991
daniel andrew mica,"Mica, Daniel Andrew",Democratic,1979-1989
daniel b crane,"Crane, Daniel B.",Republican,1979-1985
daniel j evans,"Evans, Daniel J.",Republican,1983-1989
daniel j flood,"Flood, Daniel J.",Democratic,1945-1947; 1949-1953; 1955-1981
daniel patrick moynihan,"Moynihan, Daniel Patrick",Democratic,1977-2001
dante b fascell,"Fascell, Dante B.",Democratic,1955-1993
dave durenberger,"Durenberger, Dave",Republican,1977-1995
dave r nagle,"Nagle, Dave R,",Democratic,1987-1993
dave weldon,"Weldon, Dave",Republican,1995-2009
david a stockman,"Stockman, David A.",Republican,1977-1983
david a trott,"Trott, David A.",Republican,2015-2019
david daniel marriott,"Marriott, David Daniel",Republican,1977-1985
david e satterfield,"Satterfield, David E., III",Democratic,1965-1981
david f emery,"Emery, David F.",Republican,1975-1983
david g reichert,"Reichert, David G.",Republican,2005-2019
david h pryor,"Pryor, David H.",Democratic,1965-1973; 1979-1997
david k karnes,"Karnes, David K.",Republican,1987-1989
david l boren,"Boren, David L.",Democratic,1979-1995
david l cornwell,"Cornwell, David L.",Democratic,1977-1979
david loebsack,"Loebsack, David",Democratic,2007-2021
david mccann sweeney,"Sweeney, David McCann",Republican,1985-1989
david michael staton,"Staton, David Michael",Republican,1981-1983
david n henderson,"Henderson, David N.",Democratic,1961-1977
david o b martin,"Martin, David O'B.",Republican,1981-1993
david p roe,"Roe, David P.",Republican,2009-2021
david r obey,"Obey, David R.",Democratic,1969-2011
david s monson,"Monson, David S.",Republican,1985-1987
david t martin,"Martin, David T.",Republican,1961-1975
david towell,"Towell, David",Republican,1973-1975
david w dennis,"Dennis, David W.",Republican,1969-1975
david w evans,"Evans, David W.",Democratic,1975-1983
dawson mathis,"Mathis, Dawson",Democratic,1971-1981
deborah l halvorson,"Halvorson, Deborah L.",Democratic,2009-2011
debra a haaland,"Haaland, Debra A.",Democratic,2019-2021
delbert l latta,"Latta, Delbert L.",Republican,1959-1989
dennis deconcini,"DeConcini, Dennis",Democratic,1977-1995
dennis e eckart,"Eckart, Dennis E.",Democratic,1981-1993
dennis m hertel,"Hertel, Dennis M.",Democratic,1981-1993
denny smith,"Smith, Denny",Republican,1981-1991
dewey f bartlett,"Bartlett, Dewey F.",Republican,1973-1979
dick cheney,"Cheney, Dick",Republican,1979-1991
dick clark,"Clark, Dick",Democratic,1973-1979
dick nichols,"Nichols, Dick",Republican,1991-1993
dick shoup,"Shoup, Dick",Republican,1971-1975
dick zimmer,"Zimmer, Dick",Republican,1991-1997
dominick daniels,"Daniels, Dominick V.",Democratic,1959-1977
don bacon,"Bacon, Don",Republican,
don bonker,"Bonker, Don",Democratic,1975-1989
don fuqua,"Fuqua, Don",Democratic,1963-1987
don h clausen,"Clausen, Don H.",Republican,1963-1983
don sherwood,"Sherwood, Don",Republican,1999-2007
don young,"Young, Don",Republican,1973-2022
donald a bailey,"Bailey, Donald A.",Democratic,1979-1983
donald a manzullo,"Manzullo, Donald A.",Republican,1993-2013
donald d clancy,"Clancy, Donald D.",Republican,1961-1977
donald e lukens,"Lukens, Donald E.",Republican,1967-1971; 1987-1991
donald g brotzman,"Brotzman, Donald G.",Republican,1963-1965; 1967-1975
donald g davis,"Davis, Donald G.",Democratic,
donald j albosta,"Albosta, Donald J.",Democratic,1979-1985
donald j mitchell,"Mitchell, Donald J.",Republican,1973-1983
donald j pease,"Pease, Donald J.",Democratic,1977-1993
donald m fraser,"Fraser, Donald M.",Democratic,1963-1979
donald s beyer,"Beyer, Donald S.",Democratic,
donald stewart,"Stewart, Donald",Democratic,1977-1981
donald w riegle,"Riegle, Donald W., Jr.",Democratic,1967-1977; 1977-1995
doug barnard,"Barnard, Doug, Jr.",Democratic,1977-1993
doug walgren,"Walgren, Doug",Democratic,1977-1991
douglas h bosco,"Bosco, Douglas H.",Democratic,1983-1991
douglas pete peterson,"Peterson, Douglas (Pete)",Democratic,1991-1997
e garza,"de la Garza, E.",Democratic,1965-1997
e j jake garn,"Garn, E. J. (Jake)",Republican,1975-1993
e thomas coleman,"Coleman, E. Thomas",Republican,1977-1993
earl b ruth,"Ruth, Earl B.",Republican,1969-1975
earl f landgrebe,"Landgrebe, Earl F.",Republican,1969-1975
earl l buddy carter,"Carter, Earl L. ""Buddy""",Republican,
ed bethune,"Bethune, Ed",Republican,1979-1985
ed jones,"Jones, Ed",Democratic,1969-1989
ed weber,"Weber, Ed",Republican,1981-1983
edgar l jenkins,"Jenkins, Edgar L.",Democratic,1977-1993
edith green,"Green, Edith",Democratic,1955-1975
edmund s muskie,"Muskie, Edmund S.",Democratic,1959-1981
edolphus towns,"Towns, Edolphus",Democratic,1983-2013
edward beard,"Beard, Edward",Democratic,1975-1981
edward e kaufman,"Kaufman, Edward E.",Democratic,2009-2010
edward f feighan,"Feighan, Edward F.",Democratic,1983-1993
edward g biester,"Biester, Edward G., Jr.",Republican,1967-1977
edward hutchinson,"Hutchinson, Edward",Republican,1963-1977
edward j derwinski,"Derwinski, Edward J.",Republican,1959-1983
edward j gurney,"Gurney, Edward J.",Republican,1963-1969; 1973-1975
edward j markey,"Markey, Edward J.",Democratic,1977-2013
edward j patten,"Patten, Edward J.",Democratic,1963-1981
edward j stack,"Stack, Edward J.",Democratic,1979-1981
edward mezvinsky,"Mezvinsky, Edward",Democratic,1973-1977
edward p boland,"Boland, Edward P.",Democratic,1953-1989
edward r madigan,"Madigan, Edward R.",Republican,1973-1993
edward r roybal,"Roybal, Edward R.",Democratic,1963-1993
edward r royce,"Royce, Edward R.",Republican,1993-2019
edward w brooke,"Brooke, Edward W.",Republican,1967-1979
edward w pattison,"Pattison, Edward W.",Democratic,1975-1979
edward young,"Young, Edward",Republican,1973-1975
edward zorinsky,"Zorinsky, Edward",Democratic,1977-1989
edwin b forsythe,"Forsythe, Edwin B.",Republican,1969-1985
edwin d eshleman,"Eshleman, Edwin D.",Republican,1967-1977
edwin w zschau,"Zschau, Edwin V. W.",Republican,1983-1987
eldon d rudd,"Rudd, Eldon D.",Republican,1977-1987
elford a cederberg,"Cederberg, Elford A.",Republican,1953-1979
elijah crane,"Crane, Elijah",Republican,
elizabeth holtzman,"Holtzman, Elizabeth",Democratic,1973-1981
ella t grasso,"Grasso, Ella T.",Democratic,1971-1975
elliott h levitas,"Levitas, Elliott H.",Democratic,1975-1985
elwood h hillis,"Hillis, Elwood H.",Republican,1971-1987
enid greene waldholtz,"Waldholtz, Enid Greene",Republican,1995-1997
eric a rick crawford,"Crawford, Eric A. ""Rick""",Republican,
ernest l konnyu,"Konnyu, Ernest L.",Republican,1987-1989
ernie fletcher,"Fletcher, Ernie",Republican,1999-2003
eugene a chappie,"Chappie, Eugene A.",Republican,1981-1987
eugene atkinson,"Atkinson, Eugene V.",Democratic,1979-1983
eugene gene johnston,"Johnston, Eugene (Gene)",Republican,1981-1983
f edward hebert,"Hebert, F. Edward",Democratic,1941-1977
f james sensenbrenner,"Sensenbrenner, F. James, Jr.",Republican,1979-2021
fernand j st germain,"St Germain, Fernand J.",Democratic,1961-1989
floyd hicks,"Hicks, Floyd V.",Democratic,1965-1977
floyd j fithian,"Fithian, Floyd J.",Democratic,1975-1983
floyd k haskell,"Haskell, Floyd K.",Democratic,1973-1979
fortney pete stark,"Stark, Fortney Pete",Democratic,1973-2013
foto i f sunia,"Sunia, Foto I. F.",Democratic,1981-1989
francisco quico canseco,"Canseco, Francisco ""Quico""",Republican,2011-2013
frank a stubblefield,"Stubblefield, Frank A.",Democratic,1959-1975
frank annunzio,"Annunzio, Frank",Democratic,1965-1993
frank brasco,"Brasco, Frank",Democratic,1967-1975
frank church,"Church, Frank",Democratic,1957-1981
frank e denholm,"Denholm, Frank E.",Democratic,1971-1975
frank e evans,"Evans, Frank E.",Democratic,1965-1979
frank e moss,"Moss, Frank E.",Democratic,1959-1977
frank harrison,"Harrison, Frank",Democratic,1983-1985
frank j guarini,"Guarini, Frank J.",Democratic,1979-1993
frank j horton,"Horton, Frank J.",Republican,1963-1993
frank m clark,"Clark, Frank M.",Democratic,1955-1975
frank thompson,"Thompson, Frank, Jr.",Democratic,1955-1981
fred b rooney,"Rooney, Fred B.",Democratic,1963-1979
fred j eckert,"Eckert, Fred J.",Republican,1985-1987
frederick k fred heineman,"Heineman, Frederick K. (Fred)",Republican,1995-1997
frederick w richmond,"Richmond, Frederick W.",Democratic,1975-1983
g taylor,"Taylor, G.",Republican,1973-1989
g william whitehurst,"Whitehurst, G. William",Republican,1969-1987
gale w mcgee,"McGee, Gale W.",Democratic,1959-1977
garner e shriver,"Shriver, Garner E.",Republican,1961-1977
garry e brown,"Brown, Garry E.",Republican,1967-1979
gary a myers,"Myers, Gary A.",Republican,1975-1979
gary w hart,"Hart, Gary W.",Democratic,1975-1987
gaylord nelson,"Nelson, Gaylord",Democratic,1963-1981
george a goodling,"Goodling, George A.",Republican,1961-1965; 1967-1975
george aiken,"Aiken, George",Republican,1941-1975
george c wortley,"Wortley, George C.",Republican,1981-1989
george e danielson,"Danielson, George E.",Democratic,1971-1983
george e shipley,"Shipley, George E.",Democratic,1959-1979
george h mahon,"Mahon, George H.",Democratic,1935-1979
george hansen,"Hansen, George V.",Republican,1965-1969; 1975-1985
george j mitchell,"Mitchell, George J.",Democratic,1979-1995
george m o brien,"O'Brien, George M.",Republican,1973-1987
george mcgovern,"McGovern, George",Democratic,1957-1961; 1963-1981
george s helmy,"Helmy, George S.",Democratic,2024-2024
george s lemieux,"LeMieux, George S.",Republican,2009-2011
george w crockett,"Crockett, George W., Jr.",Democratic,1979-1991
gerald e connolly,"Connolly, Gerald E.",Democratic,2009-2025
gerald r ford,"Ford, Gerald R., Jr.",Republican,1949-1975
geraldine a ferraro,"Ferraro, Geraldine A.",Democratic,1979-1985
gil gutknecht,"Gutknecht, Gil",Republican,1995-2007
gilbert gude,"Gude, Gilbert",Republican,1967-1977
gilbert ray cisneros,"Cisneros, Gilbert Ray",Democratic,2019-2021
gillis w long,"Long, Gillis W.",Democratic,1963-1965; 1973-1987
gladys noon spellman,"Spellman, Gladys Noon",Democratic,1975-1983
glenn m anderson,"Anderson, Glenn M.",Democratic,1969-1993
glenn r davis,"Davis, Glenn R.",Republican,1947-1957; 1965-1975
glenn thompson,"Thompson, Glenn",Republican,
goodloe e byron,"Byron, Goodloe E.",Democratic,1971-1979
gordon j humphrey,"Humphrey, Gordon J.",Republican,1979-1991
greg ganske,"Ganske, Greg",Republican,1995-2003
greg lopez,"Lopez, Greg",Republican,2024-2025
gregorio kilili camacho sablan,"Sablan, Gregorio Kilili Camacho",Democratic,2009-2025
gregory f murphy,"Murphy, Gregory F.",Republican,
gregory w carman,"Carman, Gregory W.",Republican,1981-1983
gus savage,"Savage, Gus",Democratic,1981-1993
gus yatron,"Yatron, Gus",Democratic,1969-1993
guy molinari,"Molinari, Guy",Republican,1981-1991
guy vander jagt,"Vander Jagt, Guy",Republican,1965-1993
h r gross,"Gross, H. R.",Republican,1949-1975
hal daub,"Daub, Hal",Republican,1981-1989
hank brown,"Brown, Hank",Republican,1981-1991; 1991-1997
harlan mathews,"Mathews, Harlan",Democratic,1993-1995
harold c hollenbeck,"Hollenbeck, Harold C.",Republican,1977-1983
harold d donohue,"Donohue, Harold D.",Democratic,1947-1975
harold e hughes,"Hughes, Harold E.",Democratic,1969-1975
harold froehlich,"Froehlich, Harold V.",Republican,1973-1975
harold l runnels,"Runnels, Harold L.",Democratic,1971-1981
harold r collier,"Collier, Harold R.",Republican,1957-1975
harold rogers,"Rogers, Harold",Republican,
harold s sawyer,"Sawyer, Harold S.",Republican,1977-1985
harold washington,"Washington, Harold",Democratic,1981-1985
harrison a williams,"Williams, Harrison A., Jr.",Democratic,1953-1957; 1959-1982
harrison h schmitt,"Schmitt, Harrison H.",Republican,1977-1983
harry f byrd,"Byrd, Harry F., Jr.",Independent,1965-1983
helen s meyner,"Meyner, Helen S.",Democratic,1975-1979
henry c hank johnson,"Johnson, Henry C. ""Hank""",Democratic,
henry helstoski,"Helstoski, Henry",Democratic,1965-1977
henry l bellmon,"Bellmon, Henry L.",Republican,1969-1981
henry m jackson,"Jackson, Henry M.",Democratic,1941-1953; 1953-1985
henry nowak,"Nowak, Henry",Democratic,1975-1993
henry p smith,"Smith, Henry P., III",Republican,1965-1975
henry s reuss,"Reuss, Henry S.",Democratic,1955-1983
herbert c conaway,"Conaway, Herbert C.",Democratic,
herbert e harris,"Harris, Herbert E., II",Democratic,1975-1981
herman badillo,"Badillo, Herman",Democratic,1971-1979
herman e talmadge,"Talmadge, Herman E.",Democratic,1957-1981
herman t schneebeli,"Schneebeli, Herman T.",Republican,1959-1977
hiram l fong,"Fong, Hiram L.",Republican,1959-1977
howard c nielson,"Nielson, Howard C.",Republican,1983-1991
howard e wolpe,"Wolpe, Howard E.",Democratic,1979-1993
howard h baker,"Baker, Howard H., Jr.",Republican,1967-1985
howard m metzenbaum,"Metzenbaum, Howard M.",Democratic,1973-1975; 1977-1995
howard p buck mckeon,"McKeon, Howard P. ""Buck""",Republican,1993-2015
howard w cannon,"Cannon, Howard W.",Democratic,1959-1983
howard w robison,"Robison, Howard W.",Republican,1957-1975
howell heflin,"Heflin, Howell",Democratic,1979-1997
hubert h humphrey,"Humphrey, Hubert H.",Democratic,1949-1965; 1971-1979
hugh l carey,"Carey, Hugh L.",Democratic,1961-1975
hugh scott,"Scott, Hugh",Republican,1941-1945; 1947-1959; 1959-1977
ike andrews,"Andrews, Ike",Democratic,1973-1985
j bennett johnston,"Johnston, J. Bennett",Democratic,1971-1997
j c watts,"Watts, J. C., Jr.",Republican,1995-2003
j edward roush,"Roush, J. Edward",Democratic,1959-1969; 1971-1977
j glenn beall,"Beall, J. Glenn, Jr.",Republican,1969-1971; 1973-1977
j herbert burke,"Burke, J. Herbert",Republican,1967-1979
j james exon,"Exon, J. James",Democratic,1979-1997
j kenneth robinson,"Robinson, J. Kenneth",Republican,1971-1985
j luis correa,"Correa, J. Luis",Democratic,
j robert kerrey,"Kerrey, J. Robert",Democratic,1989-2001
j william stanton,"Stanton, J. William",Republican,1965-1983
jack brinkley,"Brinkley, Jack",Democratic,1967-1983
jack buechner,"Buechner, Jack",Republican,1987-1991
jack e hightower,"Hightower, Jack E.",Democratic,1975-1985
jack edwards,"Edwards, Jack",Republican,1965-1985
jack kemp,"Kemp, Jack",Republican,1971-1989
jacob k javits,"Javits, Jacob K.",Republican,1947-1955; 1957-1981
jake laturner,"LaTurner, Jake",Republican,2021-2025
james a burke,"Burke, James A.",Democratic,1959-1979
james a haley,"Haley, James A.",Democratic,1953-1977
james a mattox,"Mattox, James A.",Democratic,1977-1983
james a mcclure,"McClure, James A.",Republican,1967-1973; 1973-1991
james abdnor,"Abdnor, James",Republican,1973-1981; 1981-1987
james abourezk,"Abourezk, James",Democratic,1971-1973; 1973-1979
james b allen,"Allen, James B.",Democratic,1969-1979
james b pearson,"Pearson, James B.",Republican,1961-1979
james blanchard,"Blanchard, James",Democratic,1975-1983
james c cleveland,"Cleveland, James C.",Republican,1963-1981
james c corman,"Corman, James C.",Democratic,1961-1981
james d santini,"Santini, James D.",Democratic,1975-1983
james f hastings,"Hastings, James F.",Republican,1969-1977
james f lloyd,"Lloyd, James F.",Democratic,1975-1981
james f mcnulty,"McNulty, James F., Jr.",Democratic,1983-1985
james fulbright,"Fulbright, James",Democratic,1943-1945; 1945-1947; 1973-1975
james g o hara,"O'Hara, James G.",Democratic,1959-1977
james h scheuer,"Scheuer, James H.",Democratic,1965-1973; 1975-1993
james h weaver,"Weaver, James H.",Democratic,1975-1987
james j delaney,"Delaney, James J.",Democratic,1945-1979
james j florio,"Florio, James J.",Democratic,1975-1991
james k coyne,"Coyne, James K.",Republican,1981-1983
james l buckley,"Buckley, James L.",Republican,1971-1977
james l nelligan,"Nelligan, James L.",Republican,1981-1983
james m collins,"Collins, James M.",Republican,1967-1983
james m hanley,"Hanley, James M.",Democratic,1965-1981
james m shannon,"Shannon, James M.",Democratic,1979-1985
james mcc clarke,"Clarke, James McC.",Democratic,1983-1985; 1987-1991
james o eastland,"Eastland, James O.",Democratic,1941-1979
james r grover,"Grover, James R., Jr.",Republican,1963-1975
james r mann,"Mann, James R.",Democratic,1969-1979
james r olin,"Olin, James R.",Democratic,1983-1993
james stanton,"Stanton, James V.",Independent,1971-1977
james t broyhill,"Broyhill, James T.",Republican,1963-1986; 1986-1987
james w symington,"Symington, James W.",Democratic,1969-1977
jamie b fuster,"Fuster, Jamie B.",Democratic,1985-1993
jamie benitez,"Benitez, Jamie",Democratic,1973-1977
janice d schakowsky,"Schakowsky, Janice D.",Democratic,
jean ashbrook,"Ashbrook, Jean",Republican,1981-1983
jeff chiesa,"Chiesa, Jeff",Republican,2013-2013
jefferson drew,"Van Drew, Jefferson",Republican,
jeffrey m landry,"Landry, Jeffrey M.",Republican,2011-2013
jenniffer gonzalez colon,"González-Colón, Jenniffer",Republican,2017-2025
jennings randolph,"Randolph, Jennings",Democratic,1933-1947; 1957-1985
jeremiah denton,"Denton, Jeremiah",Republican,1981-1987
jerome a ambro,"Ambro, Jerome A.",Democratic,1975-1981
jerome r waldie,"Waldie, Jerome R.",Democratic,1965-1975
jerrold nadler,"Nadler, Jerrold",Democratic,
jerry l pettis,"Pettis, Jerry L.",Republican,1967-1977
jerry litton,"Litton, Jerry",Democratic,1973-1977
jerry m patterson,"Patterson, Jerry M.",Democratic,1975-1985
jerry weller,"Weller, Jerry",Republican,1995-2009
jesus g chuy garcia,"García, Jesús G. ""Chuy""",Democratic,
jim bates,"Bates, Jim",Democratic,1983-1991
jim courter,"Courter, Jim",Republican,1979-1991
jim moody,"Moody, Jim",Democratic,1983-1993
jocelyn burdick,"Burdick, Jocelyn",Democratic,1991-1993
joe d waggonner,"Waggonner, Joe D., Jr.",Democratic,1961-1979
joe l evins,"Evins, Joe L.",Democratic,1947-1977
joe skubitz,"Skubitz, Joe",Republican,1963-1979
joe wyatt,"Wyatt, Joe, Jr.",Democratic,1979-1981
joel pritchard,"Pritchard, Joel",Republican,1973-1985
joel t broyhill,"Broyhill, Joel T.",Republican,1953-1975
joesph l fisher,"Fisher, Joesph L.",Democratic,1975-1981
john a durkin,"Durkin, John A.",Democratic,1975-1981
john anton blatnik,"Blatnik, John Anton",Democratic,1947-1975
john b breckinridge,"Breckinridge, John B.",Democratic,1973-1979
john b conlan,"Conlan, John B.",Republican,1973-1977
john brademas,"Brademas, John",Democratic,1959-1981
john buchanan,"Buchanan, John",Republican,1965-1981
john burton,"Burton, John",Democratic,1973-1983
john c culver,"Culver, John C.",Democratic,1965-1975; 1975-1981
john c danforth,"Danforth, John C.",Republican,1977-1995
john c kluczynski,"Kluczynski, John C.",Democratic,1951-1977
john c stennis,"Stennis, John C.",Democratic,1947-1989
john d rockefeller,"Rockefeller, John D., IV",Democratic,1985-2015
john dellenback,"Dellenback, John",Republican,1967-1975
john e grotberg,"Grotberg, John E.",Republican,1985-1987
john e hunt,"Hunt, John E.",Republican,1967-1975
john e moss,"Moss, John E.",Democratic,1953-1979
john f seiberling,"Seiberling, John F.",Democratic,1971-1987
john g fary,"Fary, John G.",Democratic,1975-1983
john g hutchinson,"Hutchinson, John G.",Democratic,1979-1981
john g rowland,"Rowland, John G.",Republican,1985-1991
john g tower,"Tower, John G.",Republican,1961-1985
john h dent,"Dent, John H.",Democratic,1957-1979
john h krebs,"Krebs, John H.",Democratic,1975-1979
john h rousselot,"Rousselot, John H.",Republican,1961-1963; 1969-1983
john h ware,"Ware, John H.",Republican,1969-1975
john heinz,"Heinz, John",Republican,1971-1977; 1977-1993
john j cavanaugh,"Cavanaugh, John J.",Democratic,1977-1981
john j flynt,"Flynt, John J., Jr.",Democratic,1953-1979
john j mcfall,"McFall, John J.",Democratic,1957-1979
john j rooney,"Rooney, John J.",Democratic,1943-1975
john j sparkman,"Sparkman, John J.",Democratic,1937-1945; 1945-1979
john jarman,"Jarman, John",Democratic,1951-1977
john l mcclellan,"McClellan, John L.",Democratic,1935-1939; 1973-1979
john l napier,"Napier, John L.",Republican,1981-1983
john leboutillier,"LeBoutillier, John",Republican,1981-1983
john m ashbrook,"Ashbrook, John M.",Republican,1961-1983
john m zwach,"Zwach, John M.",Republican,1967-1975
john melcher,"Melcher, John",Democratic,1969-1977; 1977-1989
john n erlenborn,"Erlenborn, John N.",Republican,1965-1985
john n happy camp,"Camp, John N. Happy",Republican,1969-1975
john o pastore,"Pastore, John O.",Democratic,1949-1977
john p east,"East, John P.",Republican,1981-1987
john p hammerschmidt,"Hammerschmidt, John P.",Republican,1967-1993
john p murtha,"Murtha, John P.",Democratic,1973-2010
john p saylor,"Saylor, John P.",Republican,1949-1975
john patrick hiler,"Hiler, John Patrick",Republican,1981-1991
john r mckernan,"McKernan, John R., Jr.",Republican,1983-1987
john r rarick,"Rarick, John R.",Democratic,1967-1975
john slack,"Slack, John",Democratic,1959-1981
john t myers,"Myers, John T.",Republican,1967-1997
john tunney,"Tunney, John V.",Democratic,1965-1973; 1973-1977
john w jenrette,"Jenrette, John W., Jr.",Democratic,1975-1981
john w wydler,"Wydler, John W.",Republican,1963-1981
john y mccollister,"McCollister, John Y.",Republican,1971-1977
john young,"Young, John",Democratic,1957-1979
johnny olszewski,"Olszewski, Johnny",Democratic,
jon c hinson,"Hinson, Jon C.",Republican,1979-1983
jon husted,"Husted, Jon",Republican,
jonathan b bingham,"Bingham, Jonathan B.",Democratic,1965-1983
joseph a lefante,"LeFante, Joseph A.",Democratic,1977-1979
joseph e karth,"Karth, Joseph E.",Democratic,1959-1977
joseph g minish,"Minish, Joseph G.",Democratic,1963-1985
joseph j maraziti,"Maraziti, Joseph J.",Republican,1973-1975
joseph m gaydos,"Gaydos, Joseph M.",Democratic,1967-1993
joseph p addabbo,"Addabbo, Joseph P.",Democratic,1961-1987
joseph p kolter,"Kolter, Joseph P.",Democratic,1983-1993
joseph p vigorito,"Vigorito, Joseph P.",Democratic,1965-1977
joseph s ammerman,"Ammerman, Joseph S.",Democratic,1977-1979
josh gottheimer,"Gottheimer, Josh",Democratic,
josh riley,"Riley, Josh",Democratic,
joshua eilberg,"Eilberg, Joshua",Democratic,1967-1979
julia butler hansen,"Hansen, Julia Butler",Democratic,1959-1975
k gunn mckay,"McKay, K. Gunn",Democratic,1971-1981
k michael conaway,"Conaway, K. Michael",Republican,2005-2021
kaiali i kahele,"Kahele, Kaiali'i",Democratic,2021-2023
kaneaster hodges,"Hodges, Kaneaster, Jr.",Democratic,1977-1979
kathleen a dahlkemper,"Dahlkemper, Kathleen A.",Democratic,2009-2011
kathleen c hochul,"Hochul, Kathleen C.",Democratic,2011-2013
katie hall,"Hall, Katie",Democratic,1981-1985
keith g sebelius,"Sebelius, Keith G.",Republican,1969-1981
ken bentsen,"Bentsen, Ken",Democratic,1995-2003
ken kramer,"Kramer, Ken",Republican,1979-1987
kenneth j gray,"Gray, Kenneth J.",Democratic,1955-1975; 1985-1989
kenneth l holland,"Holland, Kenneth L.",Democratic,1975-1983
kent r hance,"Hance, Kent R.",Democratic,1979-1985
kimberlyn king hinds,"King-Hinds, Kimberlyn",Republican,
l a skip bafalis,"Bafalis, L. A. (Skip)",Republican,1973-1983
l h fountain,"Fountain, L. H.",Democratic,1953-1983
lamar baker,"Baker, LaMar",Republican,1971-1975
lamar gudger,"Gudger, V. Lamar",Democratic,1977-1981
laphonza r butler,"Butler, Laphonza R.",Democratic,2023-2024
larkin smith,"Smith, Larkin",Republican,1989-1991
larry j hopkins,"Hopkins, Larry J.",Republican,1979-1993
larry winn,"Winn, Larry, Jr.",Republican,1967-1985
lauch faircloth,"Faircloth, Lauch",Republican,1993-1999
lawrence coughlin,"Coughlin, Lawrence",Republican,1969-1993
lawrence g williams,"Williams, Lawrence G.",Republican,1967-1975
lawrence j denardis,"DeNardis, Lawrence J.",Republican,1981-1983
lawrence p mcdonald,"McDonald, Lawrence P.",Democratic,1975-1985
lawrence smith,"Smith, Lawrence",Democratic,1983-1993
lawton chiles,"Chiles, Lawton",Democratic,1971-1989
lee metcalf,"Metcalf, Lee",Democratic,1953-1961; 1961-1979
leo c zeferetti,"Zeferetti, Leo C.",Democratic,1975-1983
leo j ryan,"Ryan, Leo J.",Democratic,1973-1979
leonor k mrs john b sullivan,"Sullivan, Leonor K. (Mrs. John B.)",Democratic,1953-1977
leslie c arends,"Arends, Leslie C.",Republican,1935-1975
lester l wolff,"Wolff, Lester L.",Democratic,1965-1981
lindsay thomas,"Thomas, Lindsay",Democratic,1983-1993
lionel deerlin,"Van Deerlin, Lionel",Democratic,1963-1981
lloyd m bentsen,"Bentsen, Lloyd M.",Democratic,1947-1955; 1971-1993
lloyd meeds,"Meeds, Lloyd",Democratic,1965-1979
lou frey,"Frey, Lou, Jr.",Republican,1969-1979
louis c wyman,"Wyman, Louis C.",Republican,1963-1965; 1967-1974; 1974-1975
lowell p weicker,"Weicker, Lowell P., Jr.",Republican,1969-1971; 1973-1989
lucien n nedzi,"Nedzi, Lucien N.",Democratic,1961-1981
luis g fortuno,"Fortuno, Luis G.",Republican,2005-2009
luther strange,"Strange, Luther",Republican,2017-2018
lyle williams,"Williams, Lyle",Republican,1979-1985
lynn m martin,"Martin, Lynn M.",Republican,1981-1991
m caldwell butler,"Butler, M. Caldwell",Republican,1971-1983
m g gene snyder,"Snyder, M. G. (Gene)",Republican,1963-1965; 1967-1987
mac collins,"Collins, Mac",Republican,1993-2005
malcolm wallop,"Wallop, Malcolm",Republican,1977-1995
manuel lujan,"Lujan, Manuel, Jr.",Republican,1969-1989
marc l marks,"Marks, Marc L.",Republican,1977-1983
margaret m heckler,"Heckler, Margaret M.",Republican,1967-1983
margaret wood hassan,"Hassan, Margaret Wood",Democratic,
mario biaggi,"Biaggi, Mario",Democratic,1969-1989
marjorie s holt,"Holt, Marjorie S.",Republican,1973-1987
mark andrews,"Andrews, Mark",Republican,1963-1981; 1981-1987
mark d siljander,"Siljander, Mark D.",Republican,1981-1987
mark o hatfield,"Hatfield, Mark O.",Republican,1967-1997
mark w hannaford,"Hannaford, Mark W.",Democratic,1975-1979
marlow w cook,"Cook, Marlow W.",Republican,1967-1975
martha e keys,"Keys, Martha E.",Democratic,1975-1979
martha w griffiths,"Griffiths, Martha W.",Democratic,1955-1975
martin a russo,"Russo, Martin A.",Democratic,1975-1993
martin frost,"Frost, Martin",Democratic,1979-2005
marvin l esch,"Esch, Marvin L.",Republican,1967-1977
marvin leath,"Leath, Marvin",Democratic,1979-1991
maryon allen,"Allen, Maryon",Democratic,1977-1979
matthew f mchugh,"McHugh, Matthew F.",Democratic,1975-1993
matthew j rinaldo,"Rinaldo, Matthew J.",Republican,1973-1993
max cleland,"Cleland, Max",Democratic,1997-2003
mel hancock,"Hancock, Mel",Republican,1989-1997
mel levine,"Levine, Mel",Democratic,1983-1993
mel martinez,"Martinez, Mel",Republican,2005-2009
mel reynolds,"Reynolds, Mel",Democratic,1993-1997
melvin h evans,"Evans, Melvin H.",Republican,1979-1981
melvin l watt,"Watt, Melvin L.",Democratic,1993-2014
melvin price,"Price, Melvin",Democratic,1945-1989
mendel j davis,"Davis, Mendel J.",Democratic,1971-1981
mervyn m dymally,"Dymally, Mervyn M.",Democratic,1981-1993
michael blouin,"Blouin, Michael",Democratic,1975-1979
michael d barnes,"Barnes, Michael D.",Democratic,1979-1987
michael f q san nicolas,"San Nicolas, Michael F. Q.",Democratic,2019-2023
michael j harrington,"Harrington, Michael J.",Democratic,1969-1979
michael l strang,"Strang, Michael L.",Republican,1985-1987
mickey edwards,"Edwards, Mickey",Republican,1977-1993
mickey leland,"Leland, Mickey",Democratic,1979-1991
mike gravel,"Gravel, Mike",Democratic,1969-1981
mike lowry,"Lowry, Mike",Democratic,1979-1989
mike mansfield,"Mansfield, Mike",Democratic,1943-1953; 1953-1977
mike mccormack,"McCormack, Mike",Democratic,1971-1981
millicent h fenwick,"Fenwick, Millicent H.",Republican,1975-1983
milton r young,"Young, Milton R.",Republican,1945-1981
morgan f murphy,"Murphy, Morgan F.",Democratic,1971-1981
morris k udall,"Udall, Morris K.",Democratic,1961-1993
muriel humphrey,"Humphrey, Muriel",Democratic,1977-1979
nancy landon kassebaum,"Kassebaum, Nancy Landon",Republican,1979-1997
nellie pou,"Pou, Nellie",Democratic,
newton i steers,"Steers, Newton I., Jr.",Republican,1977-1979
nicholas brady,"Brady, Nicholas",Republican,1981-1983
nicholas j begich,"Begich, Nicholas J.",Republican,
nick lalota,"LaLota, Nick",Republican,
nick lampson,"Lampson, Nick",Democratic,1997-2005; 2007-2009
norman d dicks,"Dicks, Norman D.",Democratic,1977-2013
norman d shumway,"Shumway, Norman D.",Republican,1979-1991
norman e d amours,"D'Amours, Norman E.",Democratic,1975-1985
norman f lent,"Lent, Norman F.",Republican,1971-1993
norris cotton,"Cotton, Norris",Republican,1947-1953; 1953-1977
o c fisher,"Fisher, O. C.",Democratic,1943-1975
ogden r reid,"Reid, Ogden R.",Democratic,1963-1975
olin e teague,"Teague, Olin E.",Democratic,1945-1979
omar burleson,"Burleson, Omar",Democratic,1947-1979
orval hansen,"Hansen, Orval",Republican,1969-1975
otis g pike,"Pike, Otis G.",Democratic,1961-1979
otto e passman,"Passman, Otto E.",Democratic,1947-1977
pablo jose hernandez,"Hernández, Pablo Jose",Democratic,
parren j mitchell,"Mitchell, Parren J.",Democratic,1971-1987
pat danner,"Danner, Pat",Democratic,1993-2001
patricia saiki,"Saiki, Patricia",Republican,1987-1991
patricia schroeder,"Schroeder, Patricia",Democratic,1973-1997
patrick l swindall,"Swindall, Patrick L.",Republican,1985-1989
paul d laxalt,"Laxalt, Paul D.",Republican,1973-1987
paul e tsongas,"Tsongas, Paul E.",Democratic,1975-1979; 1979-1985
paul findley,"Findley, Paul",Republican,1961-1983
paul g rogers,"Rogers, Paul G.",Democratic,1955-1979
paul grattan kirk,"Kirk, Paul Grattan, Jr.",Democratic,2009-2010
paul hatfield,"Hatfield, Paul",Democratic,1977-1979
paul j fannin,"Fannin, Paul J.",Republican,1965-1977
paul n mccloskey,"McCloskey, Paul N., Jr.",Republican,1967-1983
paul s trible,"Trible, Paul S., Jr.",Republican,1977-1983; 1983-1989
paul simon,"Simon, Paul",Democratic,1975-1985; 1985-1997
paula hawkins,"Hawkins, Paula",Republican,1981-1987
pete wilson,"Wilson, Pete",Republican,1983-1993
peter a peyser,"Peyser, Peter A.",Democratic,1971-1977; 1979-1983
peter h b frelinghuysen,"Frelinghuysen, Peter H. B.",Republican,1953-1975
peter h dominick,"Dominick, Peter H.",Republican,1961-1963; 1973-1975
peter n kyros,"Kyros, Peter N.",Democratic,1967-1975
peter smith,"Smith, Peter",Republican,1989-1991
peter w rodino,"Rodino, Peter W., Jr.",Democratic,1949-1989
phil english,"English, Phil",Republican,1995-2009
phil gramm,"Gramm, Phil",Republican,1979-1985; 1985-2002
phil m landrum,"Landrum, Phil M.",Democratic,1953-1977
philip a hart,"Hart, Philip A.",Democratic,1959-1977
philip h hayes,"Hayes, Philip H.",Democratic,1975-1977
phillip burton,"Burton, Phillip",Democratic,1963-1985
pierre s du pont,"du Pont, Pierre S., IV",Republican,1971-1977
quentin n burdick,"Burdick, Quentin N.",Democratic,1959-1993
ralph h metcalfe,"Metcalfe, Ralph H.",Democratic,1971-1979
randy duke cunningham,"Cunningham, Randy (Duke)",Republican,1991-2007
raphael musto,"Musto, Raphael",Democratic,1979-1981
ray j madden,"Madden, Ray J.",Democratic,1943-1947; 1973-1977
ray kogovsek,"Kogovsek, Ray",Democratic,1979-1985
ray roberts,"Roberts, Ray",Democratic,1961-1981
raymond f lederer,"Lederer, Raymond F.",Democratic,1977-1983
raymond j mcgrath,"McGrath, Raymond J.",Republican,1981-1993
ric keller,"Keller, Ric",Republican,2001-2009
richard a tonry,"Tonry, Richard A.",Democratic,1977-1979
richard b nugent,"Nugent, Richard B.",Republican,2011-2017
richard bolling,"Bolling, Richard",Democratic,1949-1983
richard c white,"White, Richard C.",Democratic,1965-1983
richard dick stone,"Stone, Richard (Dick)",Democratic,1975-1981
richard f vander veen,"Vander Veen, Richard F.",Democratic,1973-1977
richard fulton,"Fulton, Richard",Democratic,1963-1977
richard g lugar,"Lugar, Richard G.",Republican,1977-2013
richard h ichord,"Ichord, Richard H.",Democratic,1961-1981
richard j durbin,"Durbin, Richard J.",Democratic,1983-1997
richard l ottinger,"Ottinger, Richard L.",Democratic,1965-1971; 1975-1985
richard m nolan,"Nolan, Richard M.",Democratic,1975-1981; 2013-2019
richard s schweiker,"Schweiker, Richard S.",Republican,1961-1969; 1969-1981
richard t schulze,"Schulze, Richard T.",Republican,1975-1993
richard w mallary,"Mallary, Richard W.",Republican,1971-1975
richardson preyer,"Preyer, Richardson",Democratic,1969-1981
rick renzi,"Renzi, Rick",Republican,2003-2009
robert a gammage,"Gammage, Robert A.",Democratic,1977-1979
robert a roe,"Roe, Robert A.",Democratic,1969-1993
robert a young,"Young, Robert A.",Democratic,1977-1987
robert b bob mathias,"Mathias, Robert B. (Bob)",Republican,1967-1975
robert b duncan,"Duncan, Robert B.",Democratic,1963-1967; 1975-1981
robert c krueger,"Krueger, Robert C.",Democratic,1975-1979; 1993-1995
robert d price,"Price, Robert D.",Republican,1967-1975
robert e badham,"Badham, Robert E.",Republican,1977-1989
robert e bauman,"Bauman, Robert E.",Republican,1973-1981
robert e jones,"Jones, Robert E., Jr.",Democratic,1947-1977
robert f drinan,"Drinan, Robert F.",Democratic,1971-1981
robert g stephens,"Stephens, Robert G., Jr.",Democratic,1961-1977
robert h mollohan,"Mollohan, Robert H.",Democratic,1953-1957; 1969-1983
robert j cornell,"Cornell, Robert J.",Democratic,1975-1979
robert j huber,"Huber, Robert J.",Republican,1973-1975
robert j lagomarsino,"Lagomarsino, Robert J.",Republican,1973-1993
robert j mrazek,"Mrazek, Robert J.",Democratic,1983-1993
robert l f sikes,"Sikes, Robert L. F.",Democratic,1941-1979
robert l leggett,"Leggett, Robert L.",Democratic,1963-1979
robert m robin tallon,"Tallon, Robert M. (Robin)",Democratic,1983-1993
robert mcclory,"McClory, Robert",Republican,1963-1983
robert n c nix,"Nix, Robert N. C.",Democratic,1957-1979
robert n giaimo,"Giaimo, Robert N.",Democratic,1959-1981
robert o tiernan,"Tiernan, Robert O.",Democratic,1967-1975
robert p griffin,"Griffin, Robert P.",Republican,1957-1965; 1973-1979
robert p hanrahan,"Hanrahan, Robert P.",Republican,1973-1975
robert t schilling,"Schilling, Robert T.",Republican,2011-2013
robert t stafford,"Stafford, Robert T.",Republican,1961-1971; 1971-1989
robert taft,"Taft, Robert, Jr.",Republican,1963-1965; 1967-1971; 1971-1977
robert w daniel,"Daniel, Robert W., Jr.",Republican,1973-1983
robert w edgar,"Edgar, Robert W.",Democratic,1975-1987
robert w kastenmeier,"Kastenmeier, Robert W.",Democratic,1959-1991
robin beard,"Beard, Robin",Republican,1973-1983
robin britt,"Britt, Robin",Democratic,1983-1985
robin hayes,"Hayes, Robin",Republican,1999-2009
rod grams,"Grams, Rod",Republican,1993-1995; 1995-2001
roger h zion,"Zion, Roger H.",Republican,1967-1975
roger w jepsen,"Jepsen, Roger W.",Republican,1979-1985
roland burris,"Burris, Roland",Democratic,2009-2010
roman l hruska,"Hruska, Roman L.",Republican,1953-1977
ronald a sarasin,"Sarasin, Ronald A.",Republican,1973-1979
ronald m mottl,"Mottl, Ronald M.",Democratic,1975-1983
ronnie g flippo,"Flippo, Ronnie G.",Democratic,1977-1991
roy a taylor,"Taylor, Roy A.",Democratic,1959-1977
roy dyson,"Dyson, Roy",Democratic,1981-1991
russell b long,"Long, Russell B.",Democratic,1947-1987
russell d feingold,"Feingold, Russell D.",Democratic,1993-2011
s william green,"Green, S. William",Republican,1977-1993
sala burton,"Burton, Sala",Democratic,1983-1989
sam b hall,"Hall, Sam B., Jr.",Democratic,1975-1987
sam j ervin,"Ervin, Sam J., Jr.",Democratic,1945-1947; 1973-1975
sam nunn,"Nunn, Sam",Democratic,1971-1997
sam steiger,"Steiger, Sam",Republican,1967-1977
samuel h young,"Young, Samuel H.",Republican,1973-1975
samuel ichiye hayakawa,"Hayakawa, Samuel Ichiye",Republican,1977-1983
samuel l devine,"Devine, Samuel L.",Republican,1959-1981
samuel s stratton,"Stratton, Samuel S.",Democratic,1959-1989
sander m levin,"Levin, Sander M.",Democratic,1983-2019
scotty baesler,"Baesler, Scotty",Democratic,1993-1999
sheila frahm,"Frahm, Sheila",Republican,1995-1997
shirley chisholm,"Chisholm, Shirley",Democratic,1969-1983
shirley n pettis,"Pettis, Shirley N.",Republican,1975-1979
sid morrison,"Morrison, Sid",Republican,1981-1993
silvio o conte,"Conte, Silvio O.",Republican,1959-1993
sonny callahan,"Callahan, Sonny",Republican,1985-2003
spark m matsunaga,"Matsunaga, Spark M.",Democratic,1963-1977; 1977-1991
spencer abraham,"Abraham, Spencer",Republican,1995-2001
stanford e stan parris,"Parris, Stanford E. (Stan)",Republican,1973-1975; 1981-1991
stanley n lundine,"Lundine, Stanley N.",Democratic,1975-1987
stephen j solarz,"Solarz, Stephen J.",Democratic,1975-1993
stephen knight,"Knight, Stephen",Republican,2015-2019
stevan pearce,"Pearce, Stevan",Republican,2003-2009; 2011-2019
steve bartlett,"Bartlett, Steve",Republican,1983-1993
steve gunderson,"Gunderson, Steve",Republican,1981-1997
steve largent,"Largent, Steve",Republican,1993-2002
steve watkins,"Watkins, Steve",Republican,2019-2021
steven c latourette,"LaTourette, Steven C.",Republican,1995-2013
steven d symms,"Symms, Steven D.",Republican,1973-1981; 1981-1993
steven r rothman,"Rothman, Steven R.",Democratic,1997-2013
stewart b mckinney,"McKinney, Stewart B.",Republican,1971-1989
stuart symington,"Symington, Stuart",Democratic,1953-1977
ted weiss,"Weiss, Ted",Democratic,1977-1993
tennyson guyer,"Guyer, Tennyson",Republican,1973-1983
teno roncalio,"Roncalio, Teno",Democratic,1965-1967; 1971-1979
terry l bruce,"Bruce, Terry L.",Democratic,1985-1993
thaddeus j dulski,"Dulski, Thaddeus J.",Democratic,1959-1975
theodore e deutch,"Deutch, Theodore E.",Democratic,2010-2022
theodore m risenhoover,"Risenhoover, Theodore M.",Democratic,1975-1979
thomas a luken,"Luken, Thomas A.",Democratic,1973-1975; 1977-1991
thomas b evans,"Evans, Thomas B., Jr.",Republican,1977-1983
thomas e morgan,"Morgan, Thomas E.",Democratic,1945-1959; 1963-1977
thomas f eagleton,"Eagleton, Thomas F.",Democratic,1967-1987
thomas f hartnett,"Hartnett, Thomas F.",Republican,1981-1987
thomas f railsback,"Railsback, Thomas F.",Republican,1967-1983
thomas j jerry huckaby,"Huckaby, Thomas J. (Jerry)",Democratic,1977-1993
thomas j mcintyre,"McIntyre, Thomas J.",Democratic,1961-1979
thomas joseph tauke,"Tauke, Thomas Joseph",Republican,1979-1991
thomas l ashley,"Ashley, Thomas L.",Democratic,1955-1981
thomas m hagedorn,"Hagedorn, Thomas M.",Republican,1975-1983
thomas m rees,"Rees, Thomas M.",Democratic,1965-1977
thomas n downing,"Downing, Thomas N.",Democratic,1959-1977
thomas n kindness,"Kindness, Thomas N.",Republican,1975-1987
thomas p o neill,"O'Neill, Thomas P., Jr.",Democratic,1953-1987
thomas tillis,"Tillis, Thomas",Republican,
tim hutchinson,"Hutchinson, Tim",Republican,1993-1997; 1997-2003
tim l hall,"Hall, Tim L.",Democratic,1975-1977
tim lee carter,"Carter, Tim Lee",Republican,1965-1981
tim moore,"Moore, Tim",Republican,
tim roemer,"Roemer, Tim",Democratic,1991-2003
timothy h bishop,"Bishop, Timothy H.",Democratic,2003-2015
timothy j walz,"Walz, Timothy J.",Democratic,2007-2019
timothy wirth,"Wirth, Timothy",Democratic,1975-1987; 1987-1993
toby moffett,"Moffett, Toby",Democratic,1975-1983
tom corcoran,"Corcoran, Tom",Republican,1977-1985
tom loeffler,"Loeffler, Tom",Republican,1979-1987
tom s gettys,"Gettys, Tom S.",Democratic,1963-1975
tom steed,"Steed, Tom",Democratic,1949-1981
tommy j vandergriff,"Vandergriff, Tommy J.",Democratic,1983-1985
torbert h macdonald,"Macdonald, Torbert H.",Democratic,1955-1977
ullman,"Ullman, Al",Democratic,1957-1981
vance hartke,"Hartke, Vance",Democratic,1959-1977
vernon j ehlers,"Ehlers, Vernon J.",Republican,1993-2011
vernon w thomson,"Thomson, Vernon W.",Republican,1961-1975
vic fazio,"Fazio, Vic",Democratic,1979-1999
victor veysey,"Veysey, Victor V.",Republican,1971-1975
vin weber,"Weber, Vin",Republican,1981-1993
vince snowbarger,"Snowbarger, Vince",Republican,1997-1999
virginia smith,"Smith, Virginia",Republican,1975-1991
w c dan daniel,"Daniel, W. C. (Dan)",Democratic,1969-1989
w g bill hefner,"Hefner, W. G. (Bill)",Democratic,1975-1999
w gregory steube,"Steube, W. Gregory",Republican,
w henson moore,"Moore, W. Henson",Republican,1975-1987
w r poage,"Poage, W. R.",Democratic,1937-1979
w s bill stuckey,"Stuckey, W. S. (Bill), Jr.",Democratic,1967-1977
wallace f bennett,"Bennett, Wallace F.",Republican,1951-1975
walter dee huddleston,"Huddleston, Walter (Dee)",Democratic,1973-1985
walter e fauntroy,"Fauntroy, Walter E.",Democratic,1971-1991
walter e powell,"Powell, Walter E.",Republican,1971-1975
walter flowers,"Flowers, Walter",Democratic,1969-1979
walter minnick,"Minnick, Walter",Democratic,2009-2011
warren g magnuson,"Magnuson, Warren G.",Democratic,1937-1943; 1945-1981
warren rudman,"Rudman, Warren",Republican,1981-1993
wayne dowdy,"Dowdy, Wayne",Democratic,1981-1989
wayne l hays,"Hays, Wayne L.",Democratic,1949-1977
wayne r grisham,"Grisham, Wayne R.",Republican,1979-1983
wendell bailey,"Bailey, Wendell",Republican,1981-1983
wendell r anderson,"Anderson, Wendell R.",Democratic,1977-1979
wendell wyatt,"Wyatt, Wendell",Republican,1963-1975
wes watkins,"Watkins, Wes",Republican,1977-1991; 1997-2003
wilbur d mills,"Mills, Wilbur D.",Democratic,1939-1977
wiley mayne,"Mayne, Wiley",Republican,1967-1975
william a steiger,"Steiger, William A.",Republican,1967-1979
william b saxbe,"Saxbe, William B.",Republican,1969-1975
william b widnall,"Widnall, William B.",Republican,1949-1975
william brodhead,"Brodhead, William",Democratic,1975-1983
william c wampler,"Wampler, William C.",Republican,1953-1955; 1967-1983
william carney,"Carney, William",Republican,1979-1987
william d hathaway,"Hathaway, William D.",Democratic,1965-1973; 1973-1979
william e dannemeyer,"Dannemeyer, William E.",Republican,1979-1993
william e minshall,"Minshall, William E.",Republican,1955-1975
william f walsh,"Walsh, William F.",Republican,1973-1979
william g bray,"Bray, William G.",Republican,1951-1975
william h boner,"Boner, William H.",Democratic,1979-1989
william h gray,"Gray, William H., III",Democratic,1979-1993
william h harsha,"Harsha, William H.",Republican,1961-1981
william h hudnut,"Hudnut, William H., III",Republican,1973-1975
william j scherle,"Scherle, William J.",Republican,1967-1975
william jennings bryan dorn,"Dorn, William Jennings Bryan",Democratic,1947-1949; 1951-1975
william l armstrong,"Armstrong, William L.",Republican,1973-1979; 1979-1991
william l dickinson,"Dickinson, William L.",Republican,1965-1993
william l hungate,"Hungate, William L.",Democratic,1963-1977
william lehman,"Lehman, William",Democratic,1973-1993
william lloyd scott,"Scott, William Lloyd",Republican,1967-1973; 1973-1979
william m cowan,"Cowan, William M.",Democratic,2013-2013
william m ketchum,"Ketchum, William M.",Republican,1973-1979
william n patman,"Patman, William N.",Democratic,1981-1985
william o mills,"Mills, William O.",Republican,1971-1975
william proxmire,"Proxmire, William",Democratic,1957-1989
william r cotter,"Cotter, William R.",Democratic,1971-1983
william r ratchford,"Ratchford, William R.",Democratic,1979-1985
william r roy,"Roy, William R.",Democratic,1971-1975
william royer,"Royer, William",Republican,1979-1981
william s broomfield,"Broomfield, William S.",Republican,1957-1993
william s cohen,"Cohen, William S.",Republican,1973-1979; 1979-1997
william s mailliard,"Mailliard, William S.",Republican,1953-1975
william s moorhead,"Moorhead, William S.",Democratic,1959-1981
william w cobey,"Cobey, William W.",Republican,1985-1987
william w franklin,"Franklin, William W.",Republican,1983-1987
willis d gradison,"Gradison, Willis D., Jr.",Republican,1975-1995
wilmer mizell,"Mizell, Wilmer",Republican,1969-1975
wm lacy clay,"Clay, Wm. Lacy",Democratic,2001-2021
wright patman,"Patman, Wright",Democratic,1929-1977
yvonne b burke,"Burke, Yvonne B.",Democratic,1973-1979
zachary nunn,"Nunn, Zachary",Republican,
zachary t space,"Space, Zachary T.",Democratic,2007-2011
